{
  "project_info": {
    "project_number": "616255624466",
    "project_id": "lastcamerafire",
    "storage_bucket": "lastcamerafire.appspot.com"
  },
  "client": [
    {
      "client_info": {
        "mobilesdk_app_id": "1:616255624466:android:b47d3512ba692cefafcfcb",
        "android_client_info": {
          "package_name": "com.example.myapplication2222"
        }
      },
      "oauth_client": [
        {
          "client_id": "616255624466-uumr6fmmu3ioj5i1qqr40ablc4r6qv1l.apps.googleusercontent.com",
          "client_type": 3
        }
      ],
      "api_key": [
        {
          "current_key": "AIzaSyDa-mtoFjkXxxB6UQ47ptM9AJ2IhkAXwFw"
        }
      ],
      "services": {
        "appinvite_service": {
          "other_platform_oauth_client": [
            {
              "client_id": "616255624466-uumr6fmmu3ioj5i1qqr40ablc4r6qv1l.apps.googleusercontent.com",
              "client_type": 3
            }
          ]
        }
      }
    }
  ],
  "configuration_version": "1"
}